Average f1 score,Average precision,Average Recall
0.0010971547082441607,0.0005610878627173895,0.024619609703222856
f1,precision,recall
0,0.0,0.0
0,0.0,0.0
0,0.0,0.0
0,0.0,0.0
0,0.0,0.0
0,0.0,0.0
0,0.0,0.0
0,0.0,0.0
0,0.0,0.0
0,0.0,0.0
0,0.0,0.0
0,0.0,0.0
0,0.0,0.0
0,0.0,0.0
0,0.0,0.0
0,0.0,0.0
0,0.0,0.0
0,0.0,0.0
0,0.0,0.0
0,0.0,0.0
0,0.0,0.0
0,0.0,0.0
0,0.0,0.0
0,0.0,0.0
0,0.0,0.0
0,0.0,0.0
0,0.0,0.0
0,0.0,0.0
0,0.0,0.0
0.0011318619128466326,0.000578368999421631,0.02631578947368421
0.0011037527593818985,0.0005640157924421884,0.02564102564102564
0.0011019283746556475,0.0005633802816901409,0.025
0.0010799136069114472,0.0005521811154058532,0.024390243902439025
0.001034126163391934,0.0005285412262156448,0.023809523809523808
0.0010282776349614395,0.0005257623554153522,0.023255813953488372
0.0009818360333824251,0.0005017561465127947,0.022727272727272728
0.0009587727708533077,0.0004899559039686428,0.022222222222222223
0.0009573958831977024,0.0004894762604013706,0.021739130434782608
0.0009546539379474941,0.00048828125,0.02127659574468085
0.000946073793755913,0.00048426150121065375,0.02040816326530612
0.000880281690140845,0.00045004500450045,0.02
0.000878348704435661,0.00044943820224719103,0.019230769230769232
0.0008532423208191127,0.00043649061545176777,0.018867924528301886
0.0008329862557267803,0.00042607584149978694,0.018518518518518517
0.0008153281695882593,0.0004170141784820684,0.01818181818181818
0.0008093889113719142,0.00041407867494824016,0.017857142857142856
0.0007836990595611286,0.0004008016032064128,0.017543859649122806
0.0007510326699211416,0.00038387715930902113,0.017241379310344827
0.0007140307033202428,0.00036469730123997083,0.01694915254237288
0.0007125044531528322,0.00036403349108117945,0.016666666666666666
0.0007109847138286527,0.0003633720930232558,0.01639344262295082
0.000709471443774388,0.0003627130939426913,0.016129032258064516
0.0006828269033799931,0.0003489183531053733,0.015873015873015872
0.0006695681285570806,0.00034211426616489907,0.015625
0.0006576783952647156,0.0003361344537815126,0.015151515151515152
0.0012594458438287153,0.0006435006435006435,0.029411764705882353
0.001257071024512885,0.00064246707356248,0.028985507246376812
0.0012547051442910915,0.0006414368184733803,0.02857142857142857
0.0011965300628178283,0.0006112469437652812,0.028169014084507043
0.0011750881316098707,0.0006002400960384153,0.027777777777777776
0.0011730205278592375,0.0005993407252022775,0.0273972602739726
0.0011464603038119803,0.0005856515373352855,0.02702702702702703
0.001125809175344779,0.0005750431282346176,0.02666666666666667
0.0011126564673157164,0.0005683432793407218,0.02631578947368421
0.001095890410958904,0.000559753708368318,0.025974025974025976
0.001091703056768559,0.0005577244841048522,0.02564102564102564
0.0010683760683760685,0.0005457025920873125,0.02531645569620253
0.0010248526774276198,0.000523149359142035,0.025
0.0010232796111537478,0.0005224660397074191,0.024691358024691357
0.00149812734082397,0.0007647208768799389,0.036585365853658534
0.0014943960149439602,0.0007637474541751527,0.034482758620689655
0.0014789253142716294,0.0007558578987150416,0.03409090909090909
0.0014496255134090357,0.0007407407407407407,0.033707865168539325
0.001446480231436837,0.0007394626571358146,0.03296703296703297
0.001426533523537803,0.0007292173067574137,0.03260869565217391
0.0013892104653855058,0.000709891150023663,0.03225806451612903
0.0013449899125756559,0.0006869704602702084,0.031914893617021274
0.001342882721575649,0.0006861848124428179,0.03125
0.0013336296954878865,0.0006815084052703317,0.030927835051546393
0.0013160780872998464,0.0006724949562878278,0.030612244897959183
0.0012861736334405147,0.000657030223390276,0.030303030303030304
0.0012845215157353887,0.0006563115292058631,0.03
0.001245071591616518,0.000635862653666808,0.0297029702970297
0.0012264922322158625,0.0006264355815410315,0.02912621359223301
0.0011947431302270011,0.0006100040666937779,0.028846153846153848
0.0011933174224343676,0.0006093845216331506,0.02857142857142857
0.0011918951132300357,0.0006087662337662338,0.02830188679245283
0.0011811023622047246,0.0006032575909913533,0.028037383177570093
0.0011767013139831338,0.0006010819475055099,0.027777777777777776
0.0011661807580174927,0.0005957108816521049,0.027522935779816515
0.0011481056257175663,0.0005863956215793589,0.02727272727272727
0.0011396011396011397,0.0005820721769499418,0.02702702702702703
0.0011350737797956867,0.0005798221878623889,0.026785714285714284
0.00112760759255779,0.000576036866359447,0.02654867256637168
0.0011221245558256966,0.0005732849226065354,0.02631578947368421
0.0011152416356877322,0.0005698005698005698,0.02608695652173913
0.001110494169905608,0.0005674295441649329,0.02586206896551724
0.0010897203051216855,0.000556689552792726,0.02564102564102564
0.0010847947929849937,0.0005542213190467394,0.025423728813559324
0.001079136690647482,0.0005513692335967653,0.025210084033613446
0.0010632642211589579,0.0005433798224959246,0.02459016393442623
0.001033947957952783,0.000528169014084507,0.024390243902439025
0.0010328800137717334,0.0005277044854881266,0.024193548387096774
0.001021798365122616,0.0005220114842526536,0.024
0.0010207553589656347,0.000521557719054242,0.023809523809523808
0.0010195412064570944,0.0005211047420531526,0.0234375
0.0009956853634251576,0.0005087332541970493,0.023255813953488372
0.0009879795817553105,0.0005047955577990914,0.023076923076923078
0.0009686793671294803,0.0004951312097705892,0.022222222222222223
0.0009589260028767778,0.000490115994118608,0.022058823529411766
0.0009566326530612245,0.0004889975550122249,0.021897810218978103
0.0009351620947630922,0.0004778591908251035,0.021739130434782608
0.0009325458501709667,0.00047664442326024784,0.02142857142857143
0.0009316770186335404,0.0004762660739799968,0.02127659574468085
0.0009306654257794323,0.00047581284694686756,0.02112676056338028
0.0009298000929800095,0.00047543581616481777,0.02097902097902098
0.0009289363678588017,0.00047505938242280285,0.020833333333333332
0.0009273570324574961,0.0004743083003952569,0.020689655172413793
0.0009158907037093574,0.000468384074941452,0.02054794520547945
0.0009082652134423251,0.00046446818392940084,0.02040816326530612
0.0008940545373267771,0.0004571080298643913,0.02027027027027027
0.0008792497069167644,0.00044943820224719103,0.020134228187919462
0.0008695652173913044,0.00044444444444444447,0.02
0.0008654262224145391,0.0004423473901503981,0.019867549668874173
0.0008629368617862794,0.0004411116012351125,0.019736842105263157
0.0008621928437993965,0.0004407875404055245,0.0196078431372549
0.0008462623413258111,0.0004326507066628209,0.019230769230769232
0.0008298755186721991,0.00042414816909373674,0.01910828025477707
0.000820456720907972,0.00041940444568712426,0.01875
0.000819000819000819,0.0004187604690117253,0.018518518518518517
0.0008133387555917039,0.0004158580537843083,0.018404907975460124
0.0008087343307723413,0.0004135079255685734,0.018292682926829267
0.0008029978586723768,0.0004105652114410839,0.01818181818181818
0.0008023535704733886,0.00041028446389496716,0.018072289156626505
0.000799041150619257,0.00040860800871697086,0.017964071856287425
0.0007865757734661771,0.00040214477211796245,0.017857142857142856
0.0010460251046025104,0.0005348308597406071,0.023668639053254437
0.0010273532811095414,0.0005251411316791387,0.023529411764705882
0.001026694045174538,0.0005248655032148012,0.023391812865497075
0.001012786428661856,0.0005176653293645658,0.023255813953488372
0.0010115058793779238,0.000517063081695967,0.023121387283236993
0.0010051514009297652,0.0005138086062941554,0.022988505747126436
0.00100363818843307,0.000513083632632119,0.022857142857142857
0.0010026319087604962,0.0005126233499935922,0.022727272727272728
0.0009900990099009901,0.0005062009617818274,0.02247191011235955
0.0009851003570988794,0.000503651473180559,0.0223463687150838
0.0009760858955588091,0.000499001996007984,0.022222222222222223
0.0009696969696969698,0.0004957243772462511,0.022099447513812154
0.0009674688595960819,0.0004946209966613083,0.02197802197802198
0.0009651345156231149,0.0004934616333580064,0.02185792349726776
0.0011896264572924104,0.0006081245439065921,0.02717391304347826
0.0011873664212776061,0.0006070171178827243,0.02702702702702703
0.0011813349084465444,0.0006040836051709556,0.026595744680851064
0.0011676786548341896,0.0005970149253731343,0.026455026455026454
0.00115807759119861,0.0005920663114268798,0.02631578947368421
0.001148369315571888,0.0005870611717740989,0.02617801047120419
0.0011394712853236098,0.0005824790307548928,0.026041666666666668
0.0011335298118340512,0.0005795085767269356,0.02577319587628866
0.001120322652924042,0.0005726720879624327,0.02564102564102564
0.0011195700850873264,0.0005723443223443224,0.025510204081632654
0.0011188185276348175,0.0005720169317011784,0.025380710659898477
0.0011155734047300313,0.0005703855806525211,0.025252525252525252
0.001112470797641562,0.0005688282138794084,0.02512562814070352
0.0011048502927853276,0.0005649079200090385,0.025
0.0011004732034774955,0.0005626828719333784,0.024875621890547265
0.0010926573426573425,0.0005586592178770949,0.024752475247524754
0.0010918222513374822,0.0005582849486377847,0.024630541871921183
0.0010788650339842486,0.0005515719801434088,0.024509803921568627
0.0010626992561105207,0.0005432420686657974,0.024271844660194174
0.0010497585555322275,0.0005365382551775941,0.024154589371980676
0.0010438413361169103,0.0005335040546308152,0.02403846153846154
0.0010264832683227264,0.0005244938634217979,0.023923444976076555
0.001026061974143238,0.0005243288590604027,0.023809523809523808
0.001025430680885972,0.0005240540823813018,0.023696682464454975
0.0010248001639680264,0.0005237795935470355,0.02358490566037736
0.0010241704219582136,0.0005235053921055386,0.023474178403755867
0.0010161568946245299,0.0005193725979017347,0.02336448598130841
0.0010126582278481013,0.0005175983436853002,0.023255813953488372
0.0010041168792047396,0.0005131889561736632,0.023148148148148147
0.000991375037176564,0.000506636943965954,0.022935779816513763
0.0009907856930545921,0.0005063803929511849,0.0228310502283105
0.0009903931860948795,0.0005062265870203503,0.022727272727272728
0.0009863878477017161,0.0005041847332862761,0.02262443438914027
0.0009856100926473486,0.0005038291011688835,0.02252252252252252
0.0009813542688910698,0.0005016554630279924,0.02242152466367713
0.0009789525208027412,0.0005004504053648283,0.022321428571428572
0.0009734254842791785,0.0004976114649681529,0.022222222222222223
0.000963855421686747,0.0004926593753079121,0.022123893805309734
0.0009596928982725527,0.0004905327185323261,0.022026431718061675
0.000959140610013428,0.0004902922141596392,0.021929824561403508
0.000951655881233346,0.00048642864091837725,0.021834061135371178
0.0009405568096313017,0.0004806767929244376,0.021739130434782608
0.0009266981744045966,0.0004734848484848485,0.021645021645021644
0.0009261831990367694,0.000473260766682442,0.021551724137931036
0.0009203865623561896,0.00047027840481565086,0.02145922746781116
0.0009198785760279642,0.00047005734699633354,0.021367521367521368
0.0009114939385653085,0.00046572280178837556,0.02127659574468085
0.0009080177971488242,0.0004639510067736847,0.0211864406779661
0.0008999280057595391,0.0004597701149425287,0.02109704641350211
0.0008967805577975069,0.00045816915605241456,0.02100840336134454
0.0008888098835659053,0.0004540501271340356,0.02092050209205021
0.0008850340738118419,0.00045216133116295895,0.02074688796680498
0.0008826904404625297,0.00045097862361324074,0.02066115702479339
0.0008818342151675485,0.00045057222672794447,0.0205761316872428
0.0008727526618956188,0.000445990545000446,0.020242914979757085
0.0008682062858135094,0.00044365572315882877,0.020161290322580645
0.0008628872206402624,0.00044095599259193934,0.02
0.0008622919720617402,0.00044068394147717257,0.0199203187250996
0.0008618460742911317,0.00044048982468504976,0.01984126984126984
0.0008604371020478403,0.0004398311048557354,0.01968503937007874
0.0008557247989046722,0.00043740705100166216,0.0196078431372549
0.0008528057308545113,0.0004359577992850292,0.019455252918287938
0.0008523695874531196,0.00043576782290395677,0.01937984496124031
0.0010129146619397315,0.0005177770107007249,0.023166023166023165
0.0010107816711590297,0.0005167068549776093,0.023076923076923078
0.0010042681395932714,0.000513347022587269,0.022988505747126436
0.0010022550739163117,0.0005123388267440868,0.022900763358778626
0.000999000999000999,0.0005106817601498,0.022813688212927757
0.0009966777408637873,0.0005095108695652174,0.022727272727272728
0.0009911621376063433,0.0005066711704104037,0.022641509433962263
0.0009906711797242633,0.0005064573309698658,0.022556390977443608
0.0009901807079792063,0.0005062436719541006,0.02247191011235955
0.0009834453368300277,0.0005027652086475615,0.022388059701492536
0.0009721322099805573,0.0004969355640218651,0.022222222222222223
0.0011242270938729624,0.0005746182892792644,0.025830258302583026
0.0011177644710578844,0.000571288664000653,0.025735294117647058
0.0011146496815286624,0.0005697078212745178,0.02564102564102564
0.0011100539169045353,0.0005673528934997568,0.025547445255474453
0.0011073321205410107,0.0005660224791784587,0.025362318840579712
0.0011028832519300457,0.0005637432552146252,0.02527075812274368
0.0010930668332292317,0.0005586592178770949,0.025179856115107913
0.0010894093844836977,0.0005567928730512249,0.025089605734767026
0.001086787765874864,0.0005555114673438616,0.02491103202846975
0.0010840947808579836,0.0005541481950601647,0.024822695035460994
0.0010825858335910918,0.0005534034311012728,0.024734982332155476
0.0010802469135802468,0.000552224676554118,0.02464788732394366
0.0010688654756451366,0.000546320143604152,0.02456140350877193
0.0010683760683760683,0.0005461070369792479,0.024475524475524476
0.001211295328942388,0.0006190992106485065,0.027874564459930314
0.0012075471698113206,0.0006171887054466903,0.027777777777777776
0.0011969776314805117,0.0006117143294081664,0.02768166089965398
0.0011845709632042642,0.0006052810774003178,0.027586206896551724
0.0011811604901816035,0.0006036369123971931,0.027303754266211604
0.0011800280256656095,0.000603090840557859,0.027210884353741496
0.0011762976032936333,0.0006011873450063876,0.02711864406779661
0.0011674571324334186,0.0005966587112171838,0.026936026936026935
0.0011583291102584522,0.0005919348871624121,0.026845637583892617
0.0011550678602367888,0.0005902752158193757,0.026755852842809364
0.0011509963311991944,0.0005881920447025954,0.02666666666666667
0.0011417969028759008,0.0005834305717619603,0.026578073089700997
0.0011359602413915514,0.0005804672761573066,0.026402640264026403
0.001135476545312611,0.0005802567636179009,0.02631578947368421
0.0011341083073433513,0.000579584148373542,0.02622950819672131
0.001122334455667789,0.0005734767025089606,0.026143790849673203
0.0011166166515458162,0.0005705320211096848,0.026058631921824105
0.0011161492849668644,0.0005703286518856491,0.025974025974025976
0.0011133532809129497,0.0005689091167685962,0.025889967637540454
0.001112888641580302,0.0005687069026800313,0.025806451612903226
0.0011094161697406742,0.0005669335979023457,0.02572347266881029
0.001107496366027549,0.0005659709939865582,0.02564102564102564
0.0011056595950521735,0.0005650515609549371,0.025559105431309903
0.0011018524894979686,0.0005631026958541564,0.025477707006369428
0.0010932695592757089,0.0005586982331168377,0.02531645569620253
0.0010904382198596062,0.0005572582892170521,0.025236593059936908
0.0010899925063015193,0.0005570642712903001,0.025157232704402517
0.001088065283917035,0.0005560962046434033,0.025078369905956112
0.0010875475802066342,0.0005559029949273852,0.024922118380062305
0.0010851871947911015,0.000554708084870337,0.024844720496894408
0.0010847457627118644,0.0005545158383586332,0.02476780185758514
0.0010802052389954093,0.0005521811154058532,0.024691358024691357
0.0010797678499122687,0.0005519906161595252,0.024615384615384615
0.0010769334320522314,0.0005505471061867731,0.024539877300613498
0.0010685187658608256,0.0005461869324776405,0.024464831804281346
0.0010680907877169562,0.000546000546000546,0.024390243902439025
0.0010641127959563714,0.0005439586591419052,0.0243161094224924
0.0010579911393242083,0.0005408328826392645,0.02416918429003021
0.0010527701013291224,0.0005381769256643121,0.024024024024024024
0.0010482867064142043,0.0005359056806002144,0.023880597014925373
0.0010455466248448016,0.0005345449685954831,0.02373887240356083
0.0010443864229765013,0.000534045393858478,0.023529411764705882
0.0010437051532941944,0.0005337247314697444,0.02346041055718475
0.0010347949812443411,0.0005291005291005291,0.023391812865497075
0.0010335917312661498,0.0005285063090440642,0.023323615160349854
0.001029468536867842,0.0005263850506645612,0.023255813953488372
0.001028211554527344,0.0005257623554153522,0.02318840579710145
0.0010253781081773904,0.0005243151133831433,0.023121387283236993
0.0010217113665389526,0.000522431920590348,0.023054755043227664
0.001013299556681444,0.0005184369127081848,0.022284122562674095
0.0010129146619397317,0.0005182689816014512,0.022222222222222223
0.0010104837691044587,0.0005170296645770051,0.0221606648199446
0.000999875015623047,0.0005115089514066496,0.022099447513812154
0.0009988139084836757,0.000510986203372509,0.02203856749311295
0.0009968226278736527,0.0005099764135908714,0.02197802197802198
0.0009950867591268114,0.0005091001654575538,0.021917808219178082
0.0009914487544925021,0.0005073244974316697,0.02168021680216802
0.0009877152910673498,0.000505401478299324,0.021621621621621623
0.0009846759800603115,0.0005038417936767855,0.0215633423180593
0.00098015192354815,0.0005015045135406219,0.021505376344086023
0.000977696303085854,0.0005003752814610958,0.021220159151193633
0.0009765028989929815,0.0004997813456612732,0.021164021164021163
0.0009746588693957116,0.0004988464176591632,0.021108179419525065
0.000973828362751065,0.0004984734251355224,0.02099737532808399
0.0009729992702505473,0.0004980699788320259,0.020942408376963352
0.0009710505553195363,0.0004970796570150367,0.020887728459530026
0.0009696969696969699,0.0004964010920824026,0.020833333333333332
0.000963507166084548,0.0004931878429196721,0.02077922077922078
0.0009610764055742432,0.0004919444102816382,0.02072538860103627
0.0009534592694118348,0.0004879834085641088,0.020671834625323
0.0009526077637532746,0.00048756704046806434,0.020618556701030927
0.0009502316189571209,0.0004864404718472577,0.02040816326530612
0.0009404572973608416,0.0004813477737665463,0.020356234096692113
0.0009386366302944972,0.00048042277203939464,0.02030456852791878
0.000931912167278234,0.0004769285799451532,0.020253164556962026
0.0009306112952945965,0.0004762755253914389,0.020202020202020204
0.0009279665932026447,0.0004749183734045711,0.020151133501259445
0.0009259795127032815,0.0004739055743143179,0.020100502512562814
0.0009256580850448366,0.00047376524931896246,0.020050125313283207
0.0009234676209165416,0.0004726456339359565,0.02
0.0009231479344564968,0.0004725060539838167,0.0199501246882793
0.0009156985062668116,0.00046863101165719643,0.01990049751243781
0.0009153318077803204,0.00046849379245724994,0.019801980198019802
0.000908781097353175,0.0004650892389977327,0.019753086419753086
0.000905899671611369,0.0004636068613815484,0.019704433497536946
0.0009041080409108889,0.0004626951995373048,0.019656019656019656
0.0008995839424266278,0.00046035216940959836,0.0196078431372549
0.0008989774131924935,0.0004600609580769452,0.019559902200488997
0.0008975150053289953,0.0004593213527013837,0.01951219512195122
0.0008911663139133341,0.00045602234509490967,0.019464720194647202
0.0008850047015874772,0.000452821644874625,0.019417475728155338
0.0008829047566493765,0.00045174769891015865,0.01937046004842615
0.000882563847978377,0.0004515946937623483,0.01932367149758454
0.0009858152144148094,0.0005043712172158709,0.021686746987951807
0.0009807660872881818,0.0005017561465127947,0.021634615384615384
0.0009775171065493646,0.0005000833472245374,0.02158273381294964
0.0009687314999192723,0.000495512855805759,0.0215311004784689
0.000968418787324474,0.0004953764861294584,0.021479713603818614
0.0009649922264515093,0.0004936375603334796,0.021377672209026127
0.0009629788144660816,0.0004926108374384236,0.02132701421800948
0.0009598464245720686,0.0004910251513994217,0.02122641509433962
0.0009535918626827718,0.0004877784401929435,0.021176470588235293
0.0009502190782874941,0.000486039855268132,0.02112676056338028
0.0009495173286912487,0.00048569886670264434,0.02107728337236534
0.0009492168960607497,0.0004855678446182897,0.02102803738317757
0.000947019519124533,0.00048444396598126816,0.02097902097902098
0.0009463722397476341,0.0004841312533620226,0.020930232558139535
0.0009453781512605041,0.00048368893427204815,0.020785219399538105
0.0009411272613196695,0.0004814894072330409,0.020737327188940093
0.0009371583276930286,0.00047943746004687834,0.020689655172413793
0.0009311950336264872,0.000476341695776437,0.020642201834862386
0.0009292240978782718,0.0004753353755149467,0.020594965675057208
0.0009252120277563607,0.000473260766682442,0.02054794520547945
0.000921942224953903,0.00047157453497511135,0.02050113895216401
0.0010206685378923196,0.0005220569042025581,0.022727272727272728
0.0010203561042803938,0.0005219206680584551,0.022675736961451247
0.0010188487009679065,0.0005211862198363476,0.022573363431151242
0.0010170870626525633,0.0005202913631633715,0.02252252252252252
0.001011736139214893,0.0005175179837499354,0.02247191011235955
0.001108759197661526,0.0005671272427304599,0.02466367713004484
0.001104584023698348,0.0005649717514124294,0.024608501118568233
0.0010997250687328167,0.0005624584547732269,0.024553571428571428
0.001096327303533164,0.00056070955245183,0.024498886414253896
0.0010935480664081916,0.0005592841163310962,0.024444444444444446
0.0010933306828347083,0.0005592272496187087,0.024336283185840708
0.0010909992561368707,0.0005580357142857143,0.024282560706401765
0.001188177632556067,0.0006077487971638389,0.02643171806167401
0.0011846586702206428,0.000605938194304181,0.026373626373626374
0.0011838405761357472,0.0006055406973810365,0.02631578947368421
0.0011834903101730855,0.0006053879527797396,0.0262582056892779
0.0011811023622047242,0.0006041687644748766,0.026200873362445413
0.001173881144534116,0.000600450337753315,0.02608695652173913
0.0011722184233662208,0.0005996102533353321,0.026030368763557483
0.001171875,0.0005994604855629933,0.025974025974025976
0.0011704462326261886,0.0005987426404550444,0.02591792656587473
0.0011655011655011655,0.0005961844197138314,0.02586206896551724
0.0011623964740640287,0.0005945892379347934,0.025806451612903226
0.0011597004107272288,0.0005932077710218003,0.02575107296137339
0.0011570726063060458,0.0005918618988902589,0.02569593147751606
0.0011554571277261566,0.0005910747709585262,0.0255863539445629
0.0011524609843937576,0.0005895357406042742,0.02553191489361702
0.0011498658489842853,0.0005882064604676242,0.025477707006369428
0.0011467341965693536,0.0005866249511145874,0.02536997885835095
0.001144655887823723,0.0005855658029571073,0.02531645569620253
0.00123833111068775,0.0006334973929145753,0.02736842105263158
0.0012340405334852153,0.0006313131313131314,0.027253668763102725
0.0012321690915122507,0.0006303947240810785,0.027139874739039668
0.001321565110681078,0.0006760998696093109,0.029166666666666667
0.0013155421913174216,0.0006729798586742297,0.029106029106029108
0.0013151714419915453,0.0006728181468665898,0.029045643153526972
0.001314800901577761,0.0006726565127564502,0.028985507246376812
0.0013093289689034369,0.0006698244103152959,0.028925619834710745
0.0013089005235602095,0.0006696642112312255,0.02880658436213992
0.0013087169899509232,0.0006696001530514636,0.028747433264887063
0.0013082889449584155,0.0006694400612059485,0.028629856850715747
0.001302507326603712,0.0006664445184938354,0.02857142857142857
0.001293481775765695,0.0006617508035545471,0.028513238289205704
0.001293063637203288,0.0006615631792836216,0.028455284552845527
0.0013771575468233567,0.0007045230379033394,0.030425963488843813
0.001373437714599643,0.0007026090214998361,0.030364372469635626
0.001371240515586434,0.0007015574575557738,0.030181086519114688
0.0013663068725235689,0.000699039985087147,0.03006012024048096
0.001365125591554423,0.0006984540882845968,0.03
0.0013584495562398117,0.0006950236308034474,0.029880478087649404
0.0013580805794477138,0.0006948626488164172,0.02982107355864811
0.0013486176668914363,0.0006899406651028012,0.02976190476190476
0.0013479511143062544,0.000689623465587789,0.0297029702970297
0.0013475272874275703,0.0006894649751792609,0.029585798816568046
0.0013471642193183348,0.0006893065576030513,0.02952755905511811
0.0013438451890342234,0.0006876002750401101,0.029469548133595286
0.0013413216489314137,0.0006863103953147877,0.029411764705882353
0.0013338668800853678,0.0006824385805277526,0.029354207436399216
0.0013335111348179757,0.0006822833750284285,0.029296875
0.0013322083573870955,0.0006816322821048805,0.029239766081871343
0.0014163052137735682,0.0007246705013814032,0.031067961165048542
0.0014127411593307137,0.0007228697930785217,0.030947775628626693
0.001411806229594988,0.0007224128589488893,0.03088803088803089
0.0014100022031284423,0.0007215007215007215,0.030828516377649325
0.001408698714562423,0.0007208830817751746,0.030710172744721688
0.00140702633777426,0.0007200396021781198,0.03065134099616858
0.0014066552375928611,0.0007198776208044632,0.030592734225621414
0.0014033856679238664,0.0007181973247149655,0.030534351145038167
0.0013996413419061365,0.0007163003089045082,0.030418250950570342
0.0013948217243483568,0.0007138077180459514,0.030360531309297913
0.001391727917192189,0.0007122190073447585,0.030303030303030304
0.001387804666493191,0.0007101957477029606,0.030245746691871456
0.0013847418754597777,0.0007086230568227114,0.03018867924528302
0.0013843824356478478,0.0007084661707403471,0.030131826741996232
0.0013790725736941907,0.0007057163020465773,0.03007518796992481
0.001375634081334365,0.000703946500065995,0.0300187617260788
0.0013752793536187038,0.0007037916776634117,0.0299625468164794
0.0013748657357679915,0.0007036369233475527,0.029850746268656716
0.0013745114041493064,0.0007034822370735139,0.0297951582867784
0.001374334306820134,0.000703420381605557,0.02973977695167286
0.001372506969761956,0.0007024938531787847,0.029684601113172542
0.0013721538527507395,0.0007023396690224309,0.02962962962962963
0.0013696871121003295,0.0007010779072824468,0.029574861367837338
0.0014475476839237058,0.0007409021573327523,0.03130755064456722
0.0014445341377405784,0.0007393876130828114,0.031192660550458717
0.001440983259165077,0.0007375591131936309,0.031135531135531136
0.001439092525184119,0.0007366003726331297,0.031078610603290677
0.0014351441475665865,0.000734563366892797,0.03102189781021898
0.0014274918129146023,0.0007305857578752847,0.030965391621129327
0.0014271323035594358,0.0007304288046747444,0.03090909090909091
0.0014267729752412926,0.0007302719188968599,0.030852994555353903
0.0014264138278234605,0.0007301151004981962,0.030797101449275364
0.0014261744966442955,0.0007300210417829691,0.03074141048824593
0.001425815650423551,0.0007298643311008071,0.030685920577617327
0.0014185580774365822,0.0007260923418613591,0.03063063063063063
0.0014145448493925778,0.0007240204429301533,0.030575539568345324
0.0014141918309624824,0.0007238662976367894,0.03052064631956912
0.0014120187715436687,0.000722758386123039,0.03046594982078853
0.0014057719341767964,0.0007195158081855504,0.03041144901610018
0.00140403039312851,0.0007186337504227257,0.030357142857142857
0.0013991193778033826,0.0007160909856781803,0.030303030303030304
0.0013966480446927377,0.0007148263392481709,0.030249110320284697
0.0013908774800572715,0.0007118331798006867,0.03019538188277087
0.0013853801646157606,0.0007089832346317457,0.030141843971631204
0.0013809349742090085,0.0007066844030595278,0.03008849557522124
0.001380598530068624,0.0007065375503927518,0.030035335689045935
0.0013727390180878554,0.0007024503119705798,0.029982363315696647
0.001372351160443996,0.0007023052135834091,0.029876977152899824
0.001372018885436423,0.0007021601751270083,0.02982456140350877
0.0013682643164714878,0.0007002224235933768,0.0297723292469352
0.0013610343861334615,0.0006964644188618952,0.02972027972027972
0.0013584242278956412,0.0006951259404645077,0.029668411867364748
0.0013551215623754484,0.0006934529879665511,0.029565217391304348
0.0013526416295353279,0.0006921824104234528,0.029513888888888888
0.0013514050637942684,0.0006915629322268327,0.029462738301559793
0.0013494205429433242,0.0006905516288894305,0.029411764705882353
0.0013448835093548515,0.0006882033843413489,0.02936096718480138
0.001336005344021376,0.0006835819695202863,0.029310344827586206
0.0013304116450148693,0.0006806806806806807,0.029259896729776247
0.0013244001246494235,0.0006775607811877242,0.029209621993127148
0.0013241422284534798,0.000677452777556388,0.029159519725557463
0.0013215687798810588,0.0006761863092160217,0.02901023890784983
0.0013204396287234456,0.0006756219696367539,0.028960817717206135
0.001320029506541911,0.0006754340657157614,0.02891156462585034
0.0013180338036904947,0.0006744158368707105,0.028862478777589132
0.0013156876402755206,0.0006732140028512593,0.0288135593220339
0.0013146701724537932,0.0006727078469391793,0.028764805414551606
0.0013143144303993195,0.0006725747744896344,0.02866779089376054
0.001311677790208711,0.0006712204366881194,0.02861952861952862
0.0013058841603933017,0.0006682127274871271,0.02857142857142857
0.0013037309712795734,0.00066711140760507,0.028523489932885907
0.0013016845329249618,0.0006660659013438859,0.02847571189279732
0.001300240926995296,0.0006653359946773121,0.028428093645484948
0.0012981062919975566,0.0006642441292540929,0.028380634390651086
0.0012978089930529048,0.000664114383936245,0.028333333333333332
0.001291547958214625,0.000660861452340227,0.028286189683860232
0.0012907634486162257,0.0006604763199813512,0.02823920265780731
0.0012904695031692413,0.0006603480422622747,0.028192371475953566
0.0012858331442402236,0.0006579456614289031,0.028145695364238412
0.0012826800467800957,0.0006563199752914833,0.02809917355371901
0.0012769953051643195,0.0006533686921096122,0.028052805280528052
0.0012736944631752455,0.0006516655805573657,0.02800658978583196
0.001272264631043257,0.0006509419512942257,0.027960526315789474
0.0012719790497568275,0.0006508173500248842,0.027914614121510674
0.0012716935966487135,0.0006506927964479829,0.027868852459016394
0.0012689408076435023,0.0006492762479471413,0.027823240589198037
0.0012679943313194599,0.0006488054346996412,0.027777777777777776
0.001267710663683818,0.0006486816499408555,0.02773246329526917
0.0012674271229404308,0.0006485579124065313,0.02768729641693811
0.0012649750725500408,0.0006472984807523893,0.027642276422764227
0.0012629076591635093,0.0006462649686371412,0.027552674230145867
0.0012559565586790294,0.0006426492269307829,0.02750809061488673
0.001254844067171065,0.0006420909502946065,0.027463651050080775
0.0012476148539556729,0.0006383298287774106,0.027419354838709678
0.0012423722000950049,0.0006356090630374636,0.027375201288244767
0.0012384352006993519,0.0006335954679288883,0.027287319422150885
0.0012346127310359852,0.0006316180568456251,0.027243589743589744
0.0012333587260129866,0.0006309850790587187,0.0272
0.0012284568414206744,0.0006284425714391335,0.027156549520766772
0.0012259762737532904,0.0006271674168080867,0.02711323763955343
0.0012231975823859549,0.000625736160188457,0.027070063694267517
0.001220300050247649,0.0006242426467888224,0.02702702702702703
0.0012200373187885747,0.0006241280563918056,0.026984126984126985
0.0012184633027522934,0.0006233271000623327,0.02694136291600634
0.0012175906030654634,0.0006228931555034442,0.02689873417721519
0.001217329036877909,0.00062277905996996,0.026856240126382307
0.0012170675830469647,0.0006226650062266501,0.026813880126182965
0.0012162838949703084,0.0006222775357809583,0.026771653543307086
0.0012127697520955948,0.0006204606007518522,0.026729559748427674
0.0012107399757852004,0.0006194206595008198,0.026687598116169546
0.0012079440082424415,0.0006179795703224399,0.02664576802507837
0.0012019655672216919,0.0006148726851851852,0.026604068857589983
0.0012017106704838652,0.0006147615086970672,0.0265625
0.0012015832626519646,0.000614717049358163,0.0265210608424337
0.0012680074671550844,0.0006486720242170889,0.028037383177570093
0.001266312568152239,0.0006478082487583676,0.027993779160186624
0.001263823064770932,0.0006465285011314248,0.027950310559006212
0.0012590934527140461,0.0006440762872580242,0.027906976744186046
0.0012552301255230125,0.0006420774773489334,0.02786377708978328
0.0012539184952978057,0.0006414139614438941,0.027820710973724884
0.0012537001567125197,0.000641322549613425,0.027777777777777776
0.0012513469359379888,0.0006401137980085349,0.02773497688751926
0.0012469691721510219,0.0006378681030511358,0.027649769585253458
0.0012404382881951624,0.0006344730348960169,0.027607361963190184
0.0012361363870480374,0.0006322444678609062,0.027565084226646247
0.0012330456226880393,0.0006306495690561278,0.027522935779816515
0.0012327922745017466,0.0006305391109398536,0.02748091603053435
0.00123005432739946,0.0006291286568103177,0.027439024390243903
0.0012298022068117378,0.0006290187307799833,0.0273972602739726
0.001292517006802721,0.0006610765109077624,0.028831562974203338
0.0012922532816432022,0.0006609615250817505,0.02878787878787879
0.0012919896640826874,0.0006608465792494174,0.028744326777609682
0.0012877427225592194,0.0006586473463445073,0.028700906344410877
0.0012860865739330557,0.0006578036283063287,0.02865761689291101
0.0012811003978153866,0.0006552176012138768,0.0286144578313253
0.0012808413105028986,0.0006551046443471365,0.02857142857142857
0.0012792459181955901,0.0006542925031853714,0.028528528528528527
0.0012765385649019083,0.0006528985258238549,0.02848575712143928
0.0012759384863340272,0.0006526069931991482,0.02844311377245509
0.001273671861907156,0.0006514434615648358,0.028400597907324365
0.001270648030495553,0.0006498837050212068,0.028358208955223882
0.0012704356256895456,0.0006497948016415869,0.028315946348733235
0.0012677653966771203,0.0006484199030782882,0.028273809523809524
0.001266033649841746,0.0006475359552859382,0.02823179791976226
0.0012657806202325038,0.0006474256312399905,0.028189910979228485
0.0013284181860449668,0.0006794632240529981,0.029585798816568046
0.001327844907714779,0.0006791863347709444,0.029542097488921712
0.001324415601615787,0.0006774149844194553,0.029498525073746312
0.0013238019592268996,0.0006771168365101399,0.029455081001472753
0.0013840374349172874,0.0007078810759792355,0.030882352941176472
0.0013808975834292288,0.0007062621914306854,0.030837004405286344
0.0013806252259952008,0.0007061434479975789,0.030791788856304986
0.0013778171439818917,0.0007046979865771812,0.03074670571010249
0.001375020461614012,0.0007032584307290446,0.03070175438596491
0.0013739409205404168,0.000702717173069201,0.030656934306569343
0.0013725938756168502,0.0007020359041219537,0.030612244897959183
0.0013704888076747374,0.0007009579759003972,0.03056768558951965
0.001365320850399844,0.0006982775819644876,0.030523255813953487
0.0013651877133105804,0.0006982311477590105,0.030478955007256895
0.0013649215170127718,0.0006981150892590007,0.030434782608695653
0.0013643007958421308,0.0006978135176447133,0.030390738060781478
0.0013619560282768011,0.0006966098321502023,0.030346820809248554
0.0013565015179897938,0.0006937791139449602,0.030303030303030304
0.0013538778931081168,0.0006924294381429702,0.03025936599423631
0.0013533107781536974,0.0006921555702043507,0.030215827338129497
0.0013530927835051546,0.0006920643290271553,0.03017241379310345
0.0013466717968449405,0.0006887278213243253,0.03012912482065997
0.001341638715860086,0.0006861175548077237,0.03008595988538682
0.001340268691961579,0.0006854233305046021,0.030042918454935622
0.0013383894713361588,0.0006844626967830253,0.03
0.001337196344996657,0.0006838608831574833,0.029957203994293864
0.001332571863696935,0.0006814641744548286,0.029914529914529916
0.0013307141499271276,0.0006805145986584141,0.029871977240398292
0.00132688844659274,0.0006785356554331319,0.029829545454545456
0.0013266369752676962,0.0006784260515603799,0.029787234042553193
0.0013250883392226147,0.0006776379477250726,0.029745042492917848
0.0013210039630118893,0.0006755235307363207,0.0297029702970297
0.001319883096068634,0.0006749807148367189,0.029619181946403384
0.0013185157280090412,0.000674287182121757,0.029577464788732393
0.0013150067315820782,0.0006724734212885872,0.029535864978902954
0.0013121719570107473,0.0006710122699386503,0.02949438202247191
0.001311926032360842,0.0006709050829046996,0.029453015427769985
0.0013118031046006808,0.0006708622176788167,0.029411764705882353
0.0013067015120403211,0.0006682152289432654,0.02937062937062937
0.0013039428748835766,0.0006667936749857116,0.029329608938547486
0.0012998669183869273,0.0006646831676900678,0.029288702928870293
0.0012996255840579262,0.0006645779929744612,0.02924791086350975
0.0012993843393249388,0.00066447285153778,0.02920723226703755
0.0012991431841380804,0.0006643677433642317,0.029166666666666667
0.0012989021184475027,0.0006642626684380338,0.02912621359223301
0.0012986611422033951,0.0006641576267434137,0.029085872576177285
0.001298179457855531,0.000663926651912741,0.029045643153526972
0.0012979387496523378,0.0006638217164532954,0.029005524861878452
0.0012940596499876756,0.0006618133686300463,0.028965517241379312
0.0012939001848428834,0.0006617508035545471,0.028925619834710745
0.0012918704438497739,0.0006607097910898565,0.02888583218707015
0.001352015732546706,0.0006914759869248177,0.03021978021978022
0.001344414568565143,0.0006875214850464077,0.03017832647462277
0.001340278412379299,0.0006853796068413346,0.030136986301369864
0.0013379960468298615,0.0006842072525968775,0.030095759233926128
0.0013377519686236356,0.0006841008737833888,0.030054644808743168
0.0013363705391040244,0.0006833996023856859,0.030013642564802184
0.0013301892496523366,0.000680187979223349,0.02997275204359673
0.0013233878729547641,0.0006766524159566942,0.029931972789115645
0.0013223537897457476,0.000676132521974307,0.029891304347826088
0.0013218373539219516,0.0006758832565284178,0.029850746268656716
0.001320528211284514,0.0006752194463200541,0.02981029810298103
0.0013167739039353585,0.0006732770228914188,0.029769959404600813
0.0013152781514363433,0.0006725155137101458,0.02972972972972973
0.0013140996923812084,0.0006719198582859935,0.029689608636977057
0.0013135896823501312,0.0006716736887097759,0.029649595687331536
0.0013133544266013969,0.0006715711712811746,0.029609690444145357
0.0013113972341440153,0.0006705681541087539,0.02956989247311828
0.0013070342205323195,0.0006683070567149671,0.02953020134228188
0.0013068013068013066,0.000668205564329972,0.029490616621983913
0.0013065684760660411,0.0006681041027665584,0.029451137884872823
0.0013063357282821686,0.0006680026720106881,0.029411764705882353
0.0013038195987791507,0.0006667070731559489,0.029372496662216287
0.0013006591977297584,0.0006650745185767406,0.029333333333333333
0.0012977819726285983,0.0006635900220191234,0.02929427430093209
